{"runs": [32.975559, 32.971294, 32.971294], "mean": 32.97, "min": 32.97, "max": 32.98, "chip": "ESP32-S3 (QFN56) (revision v0.2)", "output_sha256": "30b2ffb07967932a88bfdf5e23b517a6f4cfcf7231db9e537360d3c12a4e4d10", "output_words": 119, "quality_problems": []}