{"runs": [33.03109, 33.035366, 33.03109], "mean": 33.03, "min": 33.03, "max": 33.04, "chip": "ESP32-S3 (QFN56) (revision v0.2)", "output_sha256": "30b2ffb07967932a88bfdf5e23b517a6f4cfcf7231db9e537360d3c12a4e4d10", "output_words": 119, "quality_problems": []}